image_id,split,image_souce_url,label_source_url,tiff_image_path,tif_label_path,png_image_path,png_label_path
10228720_15,train,http://www.cs.toronto.edu/~vmnih/data/mass_roads/train/sat/10228720_15.tiff,http://www.cs.toronto.edu/~vmnih/data/mass_roads/train/map/10228720_15.tif,tiff/train/10228720_15.tiff,tiff/train_labels/10228720_15.tif,png/train/10228720_15.png,png/train_labels/10228720_15.png
10978660_15,train,http://www.cs.toronto.edu/~vmnih/data/mass_roads/train/sat/10978660_15.tiff,http://www.cs.toronto.edu/~vmnih/data/mass_roads/train/map/10978660_15.tif,tiff/train/10978660_15.tiff,tiff/train_labels/10978660_15.tif,png/train/10978660_15.png,png/train_labels/10978660_15.png
10978675_15,train,http://www.cs.toronto.edu/~vmnih/data/mass_roads/train/sat/10978675_15.tiff,http://www.cs.toronto.edu/~vmnih/data/mass_roads/train/map/10978675_15.tif,tiff/train/10978675_15.tiff,tiff/train_labels/10978675_15.tif,png/train/10978675_15.png,png/train_labels/10978675_15.png
11128915_15,train,http://www.cs.toronto.edu/~vmnih/data/mass_roads/train/sat/11128915_15.tiff,http://www.cs.toronto.edu/~vmnih/data/mass_roads/train/map/11128915_15.tif,tiff/train/11128915_15.tiff,tiff/train_labels/11128915_15.tif,png/train/11128915_15.png,png/train_labels/11128915_15.png
11128930_15,train,http://www.cs.toronto.edu/~vmnih/data/mass_roads/train/sat/11128930_15.tiff,http://www.cs.toronto.edu/~vmnih/data/mass_roads/train/map/11128930_15.tif,tiff/train/11128930_15.tiff,tiff/train_labels/11128930_15.tif,png/train/11128930_15.png,png/train_labels/11128930_15.png
11278810_15,train,http://www.cs.toronto.edu/~vmnih/data/mass_roads/train/sat/11278810_15.tiff,http://www.cs.toronto.edu/~vmnih/data/mass_roads/train/map/11278810_15.tif,tiff/train/11278810_15.tiff,tiff/train_labels/11278810_15.tif,png/train/11278810_15.png,png/train_labels/11278810_15.png
11278945_15,train,http://www.cs.toronto.edu/~vmnih/data/mass_roads/train/sat/11278945_15.tiff,http://www.cs.toronto.edu/~vmnih/data/mass_roads/train/map/11278945_15.tif,tiff/train/11278945_15.tiff,tiff/train_labels/11278945_15.tif,png/train/11278945_15.png,png/train_labels/11278945_15.png
11428840_15,train,http://www.cs.toronto.edu/~vmnih/data/mass_roads/train/sat/11428840_15.tiff,http://www.cs.toronto.edu/~vmnih/data/mass_roads/train/map/11428840_15.tif,tiff/train/11428840_15.tiff,tiff/train_labels/11428840_15.tif,png/train/11428840_15.png,png/train_labels/11428840_15.png
11428855_15,train,http://www.cs.toronto.edu/~vmnih/data/mass_roads/train/sat/11428855_15.tiff,http://www.cs.toronto.edu/~vmnih/data/mass_roads/train/map/11428855_15.tif,tiff/train/11428855_15.tiff,tiff/train_labels/11428855_15.tif,png/train/11428855_15.png,png/train_labels/11428855_15.png
11578825_15,train,http://www.cs.toronto.edu/~vmnih/data/mass_roads/train/sat/11578825_15.tiff,http://www.cs.toronto.edu/~vmnih/data/mass_roads/train/map/11578825_15.tif,tiff/train/11578825_15.tiff,tiff/train_labels/11578825_15.tif,png/train/11578825_15.png,png/train_labels/11578825_15.png
11578840_15,train,http://www.cs.toronto.edu/~vmnih/data/mass_roads/train/sat/11578840_15.tiff,http://www.cs.toronto.edu/~vmnih/data/mass_roads/train/map/11578840_15.tif,tiff/train/11578840_15.tiff,tiff/train_labels/11578840_15.tif,png/train/11578840_15.png,png/train_labels/11578840_15.png
12178765_15,train,http://www.cs.toronto.edu/~vmnih/data/mass_roads/train/sat/12178765_15.tiff,http://www.cs.toronto.edu/~vmnih/data/mass_roads/train/map/12178765_15.tif,tiff/train/12178765_15.tiff,tiff/train_labels/12178765_15.tif,png/train/12178765_15.png,png/train_labels/12178765_15.png
12478750_15,train,http://www.cs.toronto.edu/~vmnih/data/mass_roads/train/sat/12478750_15.tiff,http://www.cs.toronto.edu/~vmnih/data/mass_roads/train/map/12478750_15.tif,tiff/train/12478750_15.tiff,tiff/train_labels/12478750_15.tif,png/train/12478750_15.png,png/train_labels/12478750_15.png
15778930_15,train,http://www.cs.toronto.edu/~vmnih/data/mass_roads/train/sat/15778930_15.tiff,http://www.cs.toronto.edu/~vmnih/data/mass_roads/train/map/15778930_15.tif,tiff/train/15778930_15.tiff,tiff/train_labels/15778930_15.tif,png/train/15778930_15.png,png/train_labels/15778930_15.png
15778945_15,train,http://www.cs.toronto.edu/~vmnih/data/mass_roads/train/sat/15778945_15.tiff,http://www.cs.toronto.edu/~vmnih/data/mass_roads/train/map/15778945_15.tif,tiff/train/15778945_15.tiff,tiff/train_labels/15778945_15.tif,png/train/15778945_15.png,png/train_labels/15778945_15.png
15928930_15,train,http://www.cs.toronto.edu/~vmnih/data/mass_roads/train/sat/15928930_15.tiff,http://www.cs.toronto.edu/~vmnih/data/mass_roads/train/map/15928930_15.tif,tiff/train/15928930_15.tiff,tiff/train_labels/15928930_15.tif,png/train/15928930_15.png,png/train_labels/15928930_15.png
15928945_15,train,http://www.cs.toronto.edu/~vmnih/data/mass_roads/train/sat/15928945_15.tiff,http://www.cs.toronto.edu/~vmnih/data/mass_roads/train/map/15928945_15.tif,tiff/train/15928945_15.tiff,tiff/train_labels/15928945_15.tif,png/train/15928945_15.png,png/train_labels/15928945_15.png
16078930_15,train,http://www.cs.toronto.edu/~vmnih/data/mass_roads/train/sat/16078930_15.tiff,http://www.cs.toronto.edu/~vmnih/data/mass_roads/train/map/16078930_15.tif,tiff/train/16078930_15.tiff,tiff/train_labels/16078930_15.tif,png/train/16078930_15.png,png/train_labels/16078930_15.png
17428765_15,train,http://www.cs.toronto.edu/~vmnih/data/mass_roads/train/sat/17428765_15.tiff,http://www.cs.toronto.edu/~vmnih/data/mass_roads/train/map/17428765_15.tif,tiff/train/17428765_15.tiff,tiff/train_labels/17428765_15.tif,png/train/17428765_15.png,png/train_labels/17428765_15.png
17578750_15,train,http://www.cs.toronto.edu/~vmnih/data/mass_roads/train/sat/17578750_15.tiff,http://www.cs.toronto.edu/~vmnih/data/mass_roads/train/map/17578750_15.tif,tiff/train/17578750_15.tiff,tiff/train_labels/17578750_15.tif,png/train/17578750_15.png,png/train_labels/17578750_15.png
17728735_15,train,http://www.cs.toronto.edu/~vmnih/data/mass_roads/train/sat/17728735_15.tiff,http://www.cs.toronto.edu/~vmnih/data/mass_roads/train/map/17728735_15.tif,tiff/train/17728735_15.tiff,tiff/train_labels/17728735_15.tif,png/train/17728735_15.png,png/train_labels/17728735_15.png
17878750_15,train,http://www.cs.toronto.edu/~vmnih/data/mass_roads/train/sat/17878750_15.tiff,http://www.cs.toronto.edu/~vmnih/data/mass_roads/train/map/17878750_15.tif,tiff/train/17878750_15.tiff,tiff/train_labels/17878750_15.tif,png/train/17878750_15.png,png/train_labels/17878750_15.png
18028735_15,train,http://www.cs.toronto.edu/~vmnih/data/mass_roads/train/sat/18028735_15.tiff,http://www.cs.toronto.edu/~vmnih/data/mass_roads/train/map/18028735_15.tif,tiff/train/18028735_15.tiff,tiff/train_labels/18028735_15.tif,png/train/18028735_15.png,png/train_labels/18028735_15.png
18178735_15,train,http://www.cs.toronto.edu/~vmnih/data/mass_roads/train/sat/18178735_15.tiff,http://www.cs.toronto.edu/~vmnih/data/mass_roads/train/map/18178735_15.tif,tiff/train/18178735_15.tiff,tiff/train_labels/18178735_15.tif,png/train/18178735_15.png,png/train_labels/18178735_15.png
18178765_15,train,http://www.cs.toronto.edu/~vmnih/data/mass_roads/train/sat/18178765_15.tiff,http://www.cs.toronto.edu/~vmnih/data/mass_roads/train/map/18178765_15.tif,tiff/train/18178765_15.tiff,tiff/train_labels/18178765_15.tif,png/train/18178765_15.png,png/train_labels/18178765_15.png
18328750_15,train,http://www.cs.toronto.edu/~vmnih/data/mass_roads/train/sat/18328750_15.tiff,http://www.cs.toronto.edu/~vmnih/data/mass_roads/train/map/18328750_15.tif,tiff/train/18328750_15.tiff,tiff/train_labels/18328750_15.tif,png/train/18328750_15.png,png/train_labels/18328750_15.png
19978915_15,train,http://www.cs.toronto.edu/~vmnih/data/mass_roads/train/sat/19978915_15.tiff,http://www.cs.toronto.edu/~vmnih/data/mass_roads/train/map/19978915_15.tif,tiff/train/19978915_15.tiff,tiff/train_labels/19978915_15.tif,png/train/19978915_15.png,png/train_labels/19978915_15.png
20128870_15,train,http://www.cs.toronto.edu/~vmnih/data/mass_roads/train/sat/20128870_15.tiff,http://www.cs.toronto.edu/~vmnih/data/mass_roads/train/map/20128870_15.tif,tiff/train/20128870_15.tiff,tiff/train_labels/20128870_15.tif,png/train/20128870_15.png,png/train_labels/20128870_15.png
20128885_15,train,http://www.cs.toronto.edu/~vmnih/data/mass_roads/train/sat/20128885_15.tiff,http://www.cs.toronto.edu/~vmnih/data/mass_roads/train/map/20128885_15.tif,tiff/train/20128885_15.tiff,tiff/train_labels/20128885_15.tif,png/train/20128885_15.png,png/train_labels/20128885_15.png
20128900_15,train,http://www.cs.toronto.edu/~vmnih/data/mass_roads/train/sat/20128900_15.tiff,http://www.cs.toronto.edu/~vmnih/data/mass_roads/train/map/20128900_15.tif,tiff/train/20128900_15.tiff,tiff/train_labels/20128900_15.tif,png/train/20128900_15.png,png/train_labels/20128900_15.png
20128960_15,train,http://www.cs.toronto.edu/~vmnih/data/mass_roads/train/sat/20128960_15.tiff,http://www.cs.toronto.edu/~vmnih/data/mass_roads/train/map/20128960_15.tif,tiff/train/20128960_15.tiff,tiff/train_labels/20128960_15.tif,png/train/20128960_15.png,png/train_labels/20128960_15.png
20128975_15,train,http://www.cs.toronto.edu/~vmnih/data/mass_roads/train/sat/20128975_15.tiff,http://www.cs.toronto.edu/~vmnih/data/mass_roads/train/map/20128975_15.tif,tiff/train/20128975_15.tiff,tiff/train_labels/20128975_15.tif,png/train/20128975_15.png,png/train_labels/20128975_15.png
20278870_15,train,http://www.cs.toronto.edu/~vmnih/data/mass_roads/train/sat/20278870_15.tiff,http://www.cs.toronto.edu/~vmnih/data/mass_roads/train/map/20278870_15.tif,tiff/train/20278870_15.tiff,tiff/train_labels/20278870_15.tif,png/train/20278870_15.png,png/train_labels/20278870_15.png
20278915_15,train,http://www.cs.toronto.edu/~vmnih/data/mass_roads/train/sat/20278915_15.tiff,http://www.cs.toronto.edu/~vmnih/data/mass_roads/train/map/20278915_15.tif,tiff/train/20278915_15.tiff,tiff/train_labels/20278915_15.tif,png/train/20278915_15.png,png/train_labels/20278915_15.png
20278960_15,train,http://www.cs.toronto.edu/~vmnih/data/mass_roads/train/sat/20278960_15.tiff,http://www.cs.toronto.edu/~vmnih/data/mass_roads/train/map/20278960_15.tif,tiff/train/20278960_15.tiff,tiff/train_labels/20278960_15.tif,png/train/20278960_15.png,png/train_labels/20278960_15.png
20278990_15,train,http://www.cs.toronto.edu/~vmnih/data/mass_roads/train/sat/20278990_15.tiff,http://www.cs.toronto.edu/~vmnih/data/mass_roads/train/map/20278990_15.tif,tiff/train/20278990_15.tiff,tiff/train_labels/20278990_15.tif,png/train/20278990_15.png,png/train_labels/20278990_15.png
20428975_15,train,http://www.cs.toronto.edu/~vmnih/data/mass_roads/train/sat/20428975_15.tiff,http://www.cs.toronto.edu/~vmnih/data/mass_roads/train/map/20428975_15.tif,tiff/train/20428975_15.tiff,tiff/train_labels/20428975_15.tif,png/train/20428975_15.png,png/train_labels/20428975_15.png
20578900_15,train,http://www.cs.toronto.edu/~vmnih/data/mass_roads/train/sat/20578900_15.tiff,http://www.cs.toronto.edu/~vmnih/data/mass_roads/train/map/20578900_15.tif,tiff/train/20578900_15.tiff,tiff/train_labels/20578900_15.tif,png/train/20578900_15.png,png/train_labels/20578900_15.png
20578915_15,train,http://www.cs.toronto.edu/~vmnih/data/mass_roads/train/sat/20578915_15.tiff,http://www.cs.toronto.edu/~vmnih/data/mass_roads/train/map/20578915_15.tif,tiff/train/20578915_15.tiff,tiff/train_labels/20578915_15.tif,png/train/20578915_15.png,png/train_labels/20578915_15.png
20578960_15,train,http://www.cs.toronto.edu/~vmnih/data/mass_roads/train/sat/20578960_15.tiff,http://www.cs.toronto.edu/~vmnih/data/mass_roads/train/map/20578960_15.tif,tiff/train/20578960_15.tiff,tiff/train_labels/20578960_15.tif,png/train/20578960_15.png,png/train_labels/20578960_15.png
20728990_15,train,http://www.cs.toronto.edu/~vmnih/data/mass_roads/train/sat/20728990_15.tiff,http://www.cs.toronto.edu/~vmnih/data/mass_roads/train/map/20728990_15.tif,tiff/train/20728990_15.tiff,tiff/train_labels/20728990_15.tif,png/train/20728990_15.png,png/train_labels/20728990_15.png
21028960_15,train,http://www.cs.toronto.edu/~vmnih/data/mass_roads/train/sat/21028960_15.tiff,http://www.cs.toronto.edu/~vmnih/data/mass_roads/train/map/21028960_15.tif,tiff/train/21028960_15.tiff,tiff/train_labels/21028960_15.tif,png/train/21028960_15.png,png/train_labels/21028960_15.png
21178900_15,train,http://www.cs.toronto.edu/~vmnih/data/mass_roads/train/sat/21178900_15.tiff,http://www.cs.toronto.edu/~vmnih/data/mass_roads/train/map/21178900_15.tif,tiff/train/21178900_15.tiff,tiff/train_labels/21178900_15.tif,png/train/21178900_15.png,png/train_labels/21178900_15.png
21328885_15,train,http://www.cs.toronto.edu/~vmnih/data/mass_roads/train/sat/21328885_15.tiff,http://www.cs.toronto.edu/~vmnih/data/mass_roads/train/map/21328885_15.tif,tiff/train/21328885_15.tiff,tiff/train_labels/21328885_15.tif,png/train/21328885_15.png,png/train_labels/21328885_15.png
21478885_15,train,http://www.cs.toronto.edu/~vmnih/data/mass_roads/train/sat/21478885_15.tiff,http://www.cs.toronto.edu/~vmnih/data/mass_roads/train/map/21478885_15.tif,tiff/train/21478885_15.tiff,tiff/train_labels/21478885_15.tif,png/train/21478885_15.png,png/train_labels/21478885_15.png
21478900_15,train,http://www.cs.toronto.edu/~vmnih/data/mass_roads/train/sat/21478900_15.tiff,http://www.cs.toronto.edu/~vmnih/data/mass_roads/train/map/21478900_15.tif,tiff/train/21478900_15.tiff,tiff/train_labels/21478900_15.tif,png/train/21478900_15.png,png/train_labels/21478900_15.png
21478915_15,train,http://www.cs.toronto.edu/~vmnih/data/mass_roads/train/sat/21478915_15.tiff,http://www.cs.toronto.edu/~vmnih/data/mass_roads/train/map/21478915_15.tif,tiff/train/21478915_15.tiff,tiff/train_labels/21478915_15.tif,png/train/21478915_15.png,png/train_labels/21478915_15.png
21479005_15,train,http://www.cs.toronto.edu/~vmnih/data/mass_roads/train/sat/21479005_15.tiff,http://www.cs.toronto.edu/~vmnih/data/mass_roads/train/map/21479005_15.tif,tiff/train/21479005_15.tiff,tiff/train_labels/21479005_15.tif,png/train/21479005_15.png,png/train_labels/21479005_15.png
21479020_15,train,http://www.cs.toronto.edu/~vmnih/data/mass_roads/train/sat/21479020_15.tiff,http://www.cs.toronto.edu/~vmnih/data/mass_roads/train/map/21479020_15.tif,tiff/train/21479020_15.tiff,tiff/train_labels/21479020_15.tif,png/train/21479020_15.png,png/train_labels/21479020_15.png
21628900_15,train,http://www.cs.toronto.edu/~vmnih/data/mass_roads/train/sat/21628900_15.tiff,http://www.cs.toronto.edu/~vmnih/data/mass_roads/train/map/21628900_15.tif,tiff/train/21628900_15.tiff,tiff/train_labels/21628900_15.tif,png/train/21628900_15.png,png/train_labels/21628900_15.png
21628975_15,train,http://www.cs.toronto.edu/~vmnih/data/mass_roads/train/sat/21628975_15.tiff,http://www.cs.toronto.edu/~vmnih/data/mass_roads/train/map/21628975_15.tif,tiff/train/21628975_15.tiff,tiff/train_labels/21628975_15.tif,png/train/21628975_15.png,png/train_labels/21628975_15.png
21629035_15,train,http://www.cs.toronto.edu/~vmnih/data/mass_roads/train/sat/21629035_15.tiff,http://www.cs.toronto.edu/~vmnih/data/mass_roads/train/map/21629035_15.tif,tiff/train/21629035_15.tiff,tiff/train_labels/21629035_15.tif,png/train/21629035_15.png,png/train_labels/21629035_15.png
21629050_15,train,http://www.cs.toronto.edu/~vmnih/data/mass_roads/train/sat/21629050_15.tiff,http://www.cs.toronto.edu/~vmnih/data/mass_roads/train/map/21629050_15.tif,tiff/train/21629050_15.tiff,tiff/train_labels/21629050_15.tif,png/train/21629050_15.png,png/train_labels/21629050_15.png
21778900_15,train,http://www.cs.toronto.edu/~vmnih/data/mass_roads/train/sat/21778900_15.tiff,http://www.cs.toronto.edu/~vmnih/data/mass_roads/train/map/21778900_15.tif,tiff/train/21778900_15.tiff,tiff/train_labels/21778900_15.tif,png/train/21778900_15.png,png/train_labels/21778900_15.png
21778915_15,train,http://www.cs.toronto.edu/~vmnih/data/mass_roads/train/sat/21778915_15.tiff,http://www.cs.toronto.edu/~vmnih/data/mass_roads/train/map/21778915_15.tif,tiff/train/21778915_15.tiff,tiff/train_labels/21778915_15.tif,png/train/21778915_15.png,png/train_labels/21778915_15.png
21778975_15,train,http://www.cs.toronto.edu/~vmnih/data/mass_roads/train/sat/21778975_15.tiff,http://www.cs.toronto.edu/~vmnih/data/mass_roads/train/map/21778975_15.tif,tiff/train/21778975_15.tiff,tiff/train_labels/21778975_15.tif,png/train/21778975_15.png,png/train_labels/21778975_15.png
21779035_15,train,http://www.cs.toronto.edu/~vmnih/data/mass_roads/train/sat/21779035_15.tiff,http://www.cs.toronto.edu/~vmnih/data/mass_roads/train/map/21779035_15.tif,tiff/train/21779035_15.tiff,tiff/train_labels/21779035_15.tif,png/train/21779035_15.png,png/train_labels/21779035_15.png
21928900_15,train,http://www.cs.toronto.edu/~vmnih/data/mass_roads/train/sat/21928900_15.tiff,http://www.cs.toronto.edu/~vmnih/data/mass_roads/train/map/21928900_15.tif,tiff/train/21928900_15.tiff,tiff/train_labels/21928900_15.tif,png/train/21928900_15.png,png/train_labels/21928900_15.png
21928975_15,train,http://www.cs.toronto.edu/~vmnih/data/mass_roads/train/sat/21928975_15.tiff,http://www.cs.toronto.edu/~vmnih/data/mass_roads/train/map/21928975_15.tif,tiff/train/21928975_15.tiff,tiff/train_labels/21928975_15.tif,png/train/21928975_15.png,png/train_labels/21928975_15.png
22078900_15,train,http://www.cs.toronto.edu/~vmnih/data/mass_roads/train/sat/22078900_15.tiff,http://www.cs.toronto.edu/~vmnih/data/mass_roads/train/map/22078900_15.tif,tiff/train/22078900_15.tiff,tiff/train_labels/22078900_15.tif,png/train/22078900_15.png,png/train_labels/22078900_15.png
22078945_15,train,http://www.cs.toronto.edu/~vmnih/data/mass_roads/train/sat/22078945_15.tiff,http://www.cs.toronto.edu/~vmnih/data/mass_roads/train/map/22078945_15.tif,tiff/train/22078945_15.tiff,tiff/train_labels/22078945_15.tif,png/train/22078945_15.png,png/train_labels/22078945_15.png
22228975_15,train,http://www.cs.toronto.edu/~vmnih/data/mass_roads/train/sat/22228975_15.tiff,http://www.cs.toronto.edu/~vmnih/data/mass_roads/train/map/22228975_15.tif,tiff/train/22228975_15.tiff,tiff/train_labels/22228975_15.tif,png/train/22228975_15.png,png/train_labels/22228975_15.png
22228990_15,train,http://www.cs.toronto.edu/~vmnih/data/mass_roads/train/sat/22228990_15.tiff,http://www.cs.toronto.edu/~vmnih/data/mass_roads/train/map/22228990_15.tif,tiff/train/22228990_15.tiff,tiff/train_labels/22228990_15.tif,png/train/22228990_15.png,png/train_labels/22228990_15.png
22229395_15,train,http://www.cs.toronto.edu/~vmnih/data/mass_roads/train/sat/22229395_15.tiff,http://www.cs.toronto.edu/~vmnih/data/mass_roads/train/map/22229395_15.tif,tiff/train/22229395_15.tiff,tiff/train_labels/22229395_15.tif,png/train/22229395_15.png,png/train_labels/22229395_15.png
22378930_15,train,http://www.cs.toronto.edu/~vmnih/data/mass_roads/train/sat/22378930_15.tiff,http://www.cs.toronto.edu/~vmnih/data/mass_roads/train/map/22378930_15.tif,tiff/train/22378930_15.tiff,tiff/train_labels/22378930_15.tif,png/train/22378930_15.png,png/train_labels/22378930_15.png
22379020_15,train,http://www.cs.toronto.edu/~vmnih/data/mass_roads/train/sat/22379020_15.tiff,http://www.cs.toronto.edu/~vmnih/data/mass_roads/train/map/22379020_15.tif,tiff/train/22379020_15.tiff,tiff/train_labels/22379020_15.tif,png/train/22379020_15.png,png/train_labels/22379020_15.png
22379425_15,train,http://www.cs.toronto.edu/~vmnih/data/mass_roads/train/sat/22379425_15.tiff,http://www.cs.toronto.edu/~vmnih/data/mass_roads/train/map/22379425_15.tif,tiff/train/22379425_15.tiff,tiff/train_labels/22379425_15.tif,png/train/22379425_15.png,png/train_labels/22379425_15.png
22528870_15,train,http://www.cs.toronto.edu/~vmnih/data/mass_roads/train/sat/22528870_15.tiff,http://www.cs.toronto.edu/~vmnih/data/mass_roads/train/map/22528870_15.tif,tiff/train/22528870_15.tiff,tiff/train_labels/22528870_15.tif,png/train/22528870_15.png,png/train_labels/22528870_15.png
22528915_15,train,http://www.cs.toronto.edu/~vmnih/data/mass_roads/train/sat/22528915_15.tiff,http://www.cs.toronto.edu/~vmnih/data/mass_roads/train/map/22528915_15.tif,tiff/train/22528915_15.tiff,tiff/train_labels/22528915_15.tif,png/train/22528915_15.png,png/train_labels/22528915_15.png
22528930_15,train,http://www.cs.toronto.edu/~vmnih/data/mass_roads/train/sat/22528930_15.tiff,http://www.cs.toronto.edu/~vmnih/data/mass_roads/train/map/22528930_15.tif,tiff/train/22528930_15.tiff,tiff/train_labels/22528930_15.tif,png/train/22528930_15.png,png/train_labels/22528930_15.png
22528960_15,train,http://www.cs.toronto.edu/~vmnih/data/mass_roads/train/sat/22528960_15.tiff,http://www.cs.toronto.edu/~vmnih/data/mass_roads/train/map/22528960_15.tif,tiff/train/22528960_15.tiff,tiff/train_labels/22528960_15.tif,png/train/22528960_15.png,png/train_labels/22528960_15.png
22528975_15,train,http://www.cs.toronto.edu/~vmnih/data/mass_roads/train/sat/22528975_15.tiff,http://www.cs.toronto.edu/~vmnih/data/mass_roads/train/map/22528975_15.tif,tiff/train/22528975_15.tiff,tiff/train_labels/22528975_15.tif,png/train/22528975_15.png,png/train_labels/22528975_15.png
22528990_15,train,http://www.cs.toronto.edu/~vmnih/data/mass_roads/train/sat/22528990_15.tiff,http://www.cs.toronto.edu/~vmnih/data/mass_roads/train/map/22528990_15.tif,tiff/train/22528990_15.tiff,tiff/train_labels/22528990_15.tif,png/train/22528990_15.png,png/train_labels/22528990_15.png
22678855_15,train,http://www.cs.toronto.edu/~vmnih/data/mass_roads/train/sat/22678855_15.tiff,http://www.cs.toronto.edu/~vmnih/data/mass_roads/train/map/22678855_15.tif,tiff/train/22678855_15.tiff,tiff/train_labels/22678855_15.tif,png/train/22678855_15.png,png/train_labels/22678855_15.png
22678930_15,train,http://www.cs.toronto.edu/~vmnih/data/mass_roads/train/sat/22678930_15.tiff,http://www.cs.toronto.edu/~vmnih/data/mass_roads/train/map/22678930_15.tif,tiff/train/22678930_15.tiff,tiff/train_labels/22678930_15.tif,png/train/22678930_15.png,png/train_labels/22678930_15.png
22678945_15,train,http://www.cs.toronto.edu/~vmnih/data/mass_roads/train/sat/22678945_15.tiff,http://www.cs.toronto.edu/~vmnih/data/mass_roads/train/map/22678945_15.tif,tiff/train/22678945_15.tiff,tiff/train_labels/22678945_15.tif,png/train/22678945_15.png,png/train_labels/22678945_15.png
22678960_15,train,http://www.cs.toronto.edu/~vmnih/data/mass_roads/train/sat/22678960_15.tiff,http://www.cs.toronto.edu/~vmnih/data/mass_roads/train/map/22678960_15.tif,tiff/train/22678960_15.tiff,tiff/train_labels/22678960_15.tif,png/train/22678960_15.png,png/train_labels/22678960_15.png
22678990_15,train,http://www.cs.toronto.edu/~vmnih/data/mass_roads/train/sat/22678990_15.tiff,http://www.cs.toronto.edu/~vmnih/data/mass_roads/train/map/22678990_15.tif,tiff/train/22678990_15.tiff,tiff/train_labels/22678990_15.tif,png/train/22678990_15.png,png/train_labels/22678990_15.png
22679005_15,train,http://www.cs.toronto.edu/~vmnih/data/mass_roads/train/sat/22679005_15.tiff,http://www.cs.toronto.edu/~vmnih/data/mass_roads/train/map/22679005_15.tif,tiff/train/22679005_15.tiff,tiff/train_labels/22679005_15.tif,png/train/22679005_15.png,png/train_labels/22679005_15.png
22679035_15,train,http://www.cs.toronto.edu/~vmnih/data/mass_roads/train/sat/22679035_15.tiff,http://www.cs.toronto.edu/~vmnih/data/mass_roads/train/map/22679035_15.tif,tiff/train/22679035_15.tiff,tiff/train_labels/22679035_15.tif,png/train/22679035_15.png,png/train_labels/22679035_15.png
22679050_15,train,http://www.cs.toronto.edu/~vmnih/data/mass_roads/train/sat/22679050_15.tiff,http://www.cs.toronto.edu/~vmnih/data/mass_roads/train/map/22679050_15.tif,tiff/train/22679050_15.tiff,tiff/train_labels/22679050_15.tif,png/train/22679050_15.png,png/train_labels/22679050_15.png
22828855_15,train,http://www.cs.toronto.edu/~vmnih/data/mass_roads/train/sat/22828855_15.tiff,http://www.cs.toronto.edu/~vmnih/data/mass_roads/train/map/22828855_15.tif,tiff/train/22828855_15.tiff,tiff/train_labels/22828855_15.tif,png/train/22828855_15.png,png/train_labels/22828855_15.png
22828870_15,train,http://www.cs.toronto.edu/~vmnih/data/mass_roads/train/sat/22828870_15.tiff,http://www.cs.toronto.edu/~vmnih/data/mass_roads/train/map/22828870_15.tif,tiff/train/22828870_15.tiff,tiff/train_labels/22828870_15.tif,png/train/22828870_15.png,png/train_labels/22828870_15.png
22828885_15,train,http://www.cs.toronto.edu/~vmnih/data/mass_roads/train/sat/22828885_15.tiff,http://www.cs.toronto.edu/~vmnih/data/mass_roads/train/map/22828885_15.tif,tiff/train/22828885_15.tiff,tiff/train_labels/22828885_15.tif,png/train/22828885_15.png,png/train_labels/22828885_15.png
22828915_15,train,http://www.cs.toronto.edu/~vmnih/data/mass_roads/train/sat/22828915_15.tiff,http://www.cs.toronto.edu/~vmnih/data/mass_roads/train/map/22828915_15.tif,tiff/train/22828915_15.tiff,tiff/train_labels/22828915_15.tif,png/train/22828915_15.png,png/train_labels/22828915_15.png
22828930_15,train,http://www.cs.toronto.edu/~vmnih/data/mass_roads/train/sat/22828930_15.tiff,http://www.cs.toronto.edu/~vmnih/data/mass_roads/train/map/22828930_15.tif,tiff/train/22828930_15.tiff,tiff/train_labels/22828930_15.tif,png/train/22828930_15.png,png/train_labels/22828930_15.png
22828945_15,train,http://www.cs.toronto.edu/~vmnih/data/mass_roads/train/sat/22828945_15.tiff,http://www.cs.toronto.edu/~vmnih/data/mass_roads/train/map/22828945_15.tif,tiff/train/22828945_15.tiff,tiff/train_labels/22828945_15.tif,png/train/22828945_15.png,png/train_labels/22828945_15.png
22828960_15,train,http://www.cs.toronto.edu/~vmnih/data/mass_roads/train/sat/22828960_15.tiff,http://www.cs.toronto.edu/~vmnih/data/mass_roads/train/map/22828960_15.tif,tiff/train/22828960_15.tiff,tiff/train_labels/22828960_15.tif,png/train/22828960_15.png,png/train_labels/22828960_15.png
22828975_15,train,http://www.cs.toronto.edu/~vmnih/data/mass_roads/train/sat/22828975_15.tiff,http://www.cs.toronto.edu/~vmnih/data/mass_roads/train/map/22828975_15.tif,tiff/train/22828975_15.tiff,tiff/train_labels/22828975_15.tif,png/train/22828975_15.png,png/train_labels/22828975_15.png
22829050_15,train,http://www.cs.toronto.edu/~vmnih/data/mass_roads/train/sat/22829050_15.tiff,http://www.cs.toronto.edu/~vmnih/data/mass_roads/train/map/22829050_15.tif,tiff/train/22829050_15.tiff,tiff/train_labels/22829050_15.tif,png/train/22829050_15.png,png/train_labels/22829050_15.png
22978900_15,train,http://www.cs.toronto.edu/~vmnih/data/mass_roads/train/sat/22978900_15.tiff,http://www.cs.toronto.edu/~vmnih/data/mass_roads/train/map/22978900_15.tif,tiff/train/22978900_15.tiff,tiff/train_labels/22978900_15.tif,png/train/22978900_15.png,png/train_labels/22978900_15.png
22978915_15,train,http://www.cs.toronto.edu/~vmnih/data/mass_roads/train/sat/22978915_15.tiff,http://www.cs.toronto.edu/~vmnih/data/mass_roads/train/map/22978915_15.tif,tiff/train/22978915_15.tiff,tiff/train_labels/22978915_15.tif,png/train/22978915_15.png,png/train_labels/22978915_15.png
22978930_15,train,http://www.cs.toronto.edu/~vmnih/data/mass_roads/train/sat/22978930_15.tiff,http://www.cs.toronto.edu/~vmnih/data/mass_roads/train/map/22978930_15.tif,tiff/train/22978930_15.tiff,tiff/train_labels/22978930_15.tif,png/train/22978930_15.png,png/train_labels/22978930_15.png
22978945_15,train,http://www.cs.toronto.edu/~vmnih/data/mass_roads/train/sat/22978945_15.tiff,http://www.cs.toronto.edu/~vmnih/data/mass_roads/train/map/22978945_15.tif,tiff/train/22978945_15.tiff,tiff/train_labels/22978945_15.tif,png/train/22978945_15.png,png/train_labels/22978945_15.png
22978960_15,train,http://www.cs.toronto.edu/~vmnih/data/mass_roads/train/sat/22978960_15.tiff,http://www.cs.toronto.edu/~vmnih/data/mass_roads/train/map/22978960_15.tif,tiff/train/22978960_15.tiff,tiff/train_labels/22978960_15.tif,png/train/22978960_15.png,png/train_labels/22978960_15.png
22978975_15,train,http://www.cs.toronto.edu/~vmnih/data/mass_roads/train/sat/22978975_15.tiff,http://www.cs.toronto.edu/~vmnih/data/mass_roads/train/map/22978975_15.tif,tiff/train/22978975_15.tiff,tiff/train_labels/22978975_15.tif,png/train/22978975_15.png,png/train_labels/22978975_15.png
22979020_15,train,http://www.cs.toronto.edu/~vmnih/data/mass_roads/train/sat/22979020_15.tiff,http://www.cs.toronto.edu/~vmnih/data/mass_roads/train/map/22979020_15.tif,tiff/train/22979020_15.tiff,tiff/train_labels/22979020_15.tif,png/train/22979020_15.png,png/train_labels/22979020_15.png
22979035_15,train,http://www.cs.toronto.edu/~vmnih/data/mass_roads/train/sat/22979035_15.tiff,http://www.cs.toronto.edu/~vmnih/data/mass_roads/train/map/22979035_15.tif,tiff/train/22979035_15.tiff,tiff/train_labels/22979035_15.tif,png/train/22979035_15.png,png/train_labels/22979035_15.png
22979050_15,train,http://www.cs.toronto.edu/~vmnih/data/mass_roads/train/sat/22979050_15.tiff,http://www.cs.toronto.edu/~vmnih/data/mass_roads/train/map/22979050_15.tif,tiff/train/22979050_15.tiff,tiff/train_labels/22979050_15.tif,png/train/22979050_15.png,png/train_labels/22979050_15.png
23128900_15,train,http://www.cs.toronto.edu/~vmnih/data/mass_roads/train/sat/23128900_15.tiff,http://www.cs.toronto.edu/~vmnih/data/mass_roads/train/map/23128900_15.tif,tiff/train/23128900_15.tiff,tiff/train_labels/23128900_15.tif,png/train/23128900_15.png,png/train_labels/23128900_15.png
23128960_15,train,http://www.cs.toronto.edu/~vmnih/data/mass_roads/train/sat/23128960_15.tiff,http://www.cs.toronto.edu/~vmnih/data/mass_roads/train/map/23128960_15.tif,tiff/train/23128960_15.tiff,tiff/train_labels/23128960_15.tif,png/train/23128960_15.png,png/train_labels/23128960_15.png
23128990_15,train,http://www.cs.toronto.edu/~vmnih/data/mass_roads/train/sat/23128990_15.tiff,http://www.cs.toronto.edu/~vmnih/data/mass_roads/train/map/23128990_15.tif,tiff/train/23128990_15.tiff,tiff/train_labels/23128990_15.tif,png/train/23128990_15.png,png/train_labels/23128990_15.png
23278825_15,train,http://www.cs.toronto.edu/~vmnih/data/mass_roads/train/sat/23278825_15.tiff,http://www.cs.toronto.edu/~vmnih/data/mass_roads/train/map/23278825_15.tif,tiff/train/23278825_15.tiff,tiff/train_labels/23278825_15.tif,png/train/23278825_15.png,png/train_labels/23278825_15.png
23278900_15,train,http://www.cs.toronto.edu/~vmnih/data/mass_roads/train/sat/23278900_15.tiff,http://www.cs.toronto.edu/~vmnih/data/mass_roads/train/map/23278900_15.tif,tiff/train/23278900_15.tiff,tiff/train_labels/23278900_15.tif,png/train/23278900_15.png,png/train_labels/23278900_15.png
23278945_15,train,http://www.cs.toronto.edu/~vmnih/data/mass_roads/train/sat/23278945_15.tiff,http://www.cs.toronto.edu/~vmnih/data/mass_roads/train/map/23278945_15.tif,tiff/train/23278945_15.tiff,tiff/train_labels/23278945_15.tif,png/train/23278945_15.png,png/train_labels/23278945_15.png
23278960_15,train,http://www.cs.toronto.edu/~vmnih/data/mass_roads/train/sat/23278960_15.tiff,http://www.cs.toronto.edu/~vmnih/data/mass_roads/train/map/23278960_15.tif,tiff/train/23278960_15.tiff,tiff/train_labels/23278960_15.tif,png/train/23278960_15.png,png/train_labels/23278960_15.png
23279005_15,train,http://www.cs.toronto.edu/~vmnih/data/mass_roads/train/sat/23279005_15.tiff,http://www.cs.toronto.edu/~vmnih/data/mass_roads/train/map/23279005_15.tif,tiff/train/23279005_15.tiff,tiff/train_labels/23279005_15.tif,png/train/23279005_15.png,png/train_labels/23279005_15.png
23279110_15,train,http://www.cs.toronto.edu/~vmnih/data/mass_roads/train/sat/23279110_15.tiff,http://www.cs.toronto.edu/~vmnih/data/mass_roads/train/map/23279110_15.tif,tiff/train/23279110_15.tiff,tiff/train_labels/23279110_15.tif,png/train/23279110_15.png,png/train_labels/23279110_15.png
23279155_15,train,http://www.cs.toronto.edu/~vmnih/data/mass_roads/train/sat/23279155_15.tiff,http://www.cs.toronto.edu/~vmnih/data/mass_roads/train/map/23279155_15.tif,tiff/train/23279155_15.tiff,tiff/train_labels/23279155_15.tif,png/train/23279155_15.png,png/train_labels/23279155_15.png
23428825_15,train,http://www.cs.toronto.edu/~vmnih/data/mass_roads/train/sat/23428825_15.tiff,http://www.cs.toronto.edu/~vmnih/data/mass_roads/train/map/23428825_15.tif,tiff/train/23428825_15.tiff,tiff/train_labels/23428825_15.tif,png/train/23428825_15.png,png/train_labels/23428825_15.png
23428945_15,train,http://www.cs.toronto.edu/~vmnih/data/mass_roads/train/sat/23428945_15.tiff,http://www.cs.toronto.edu/~vmnih/data/mass_roads/train/map/23428945_15.tif,tiff/train/23428945_15.tiff,tiff/train_labels/23428945_15.tif,png/train/23428945_15.png,png/train_labels/23428945_15.png
23428990_15,train,http://www.cs.toronto.edu/~vmnih/data/mass_roads/train/sat/23428990_15.tiff,http://www.cs.toronto.edu/~vmnih/data/mass_roads/train/map/23428990_15.tif,tiff/train/23428990_15.tiff,tiff/train_labels/23428990_15.tif,png/train/23428990_15.png,png/train_labels/23428990_15.png
23429005_15,train,http://www.cs.toronto.edu/~vmnih/data/mass_roads/train/sat/23429005_15.tiff,http://www.cs.toronto.edu/~vmnih/data/mass_roads/train/map/23429005_15.tif,tiff/train/23429005_15.tiff,tiff/train_labels/23429005_15.tif,png/train/23429005_15.png,png/train_labels/23429005_15.png
23429125_15,train,http://www.cs.toronto.edu/~vmnih/data/mass_roads/train/sat/23429125_15.tiff,http://www.cs.toronto.edu/~vmnih/data/mass_roads/train/map/23429125_15.tif,tiff/train/23429125_15.tiff,tiff/train_labels/23429125_15.tif,png/train/23429125_15.png,png/train_labels/23429125_15.png
23578540_15,train,http://www.cs.toronto.edu/~vmnih/data/mass_roads/train/sat/23578540_15.tiff,http://www.cs.toronto.edu/~vmnih/data/mass_roads/train/map/23578540_15.tif,tiff/train/23578540_15.tiff,tiff/train_labels/23578540_15.tif,png/train/23578540_15.png,png/train_labels/23578540_15.png
23578600_15,train,http://www.cs.toronto.edu/~vmnih/data/mass_roads/train/sat/23578600_15.tiff,http://www.cs.toronto.edu/~vmnih/data/mass_roads/train/map/23578600_15.tif,tiff/train/23578600_15.tiff,tiff/train_labels/23578600_15.tif,png/train/23578600_15.png,png/train_labels/23578600_15.png
23578825_15,train,http://www.cs.toronto.edu/~vmnih/data/mass_roads/train/sat/23578825_15.tiff,http://www.cs.toronto.edu/~vmnih/data/mass_roads/train/map/23578825_15.tif,tiff/train/23578825_15.tiff,tiff/train_labels/23578825_15.tif,png/train/23578825_15.png,png/train_labels/23578825_15.png
23578840_15,train,http://www.cs.toronto.edu/~vmnih/data/mass_roads/train/sat/23578840_15.tiff,http://www.cs.toronto.edu/~vmnih/data/mass_roads/train/map/23578840_15.tif,tiff/train/23578840_15.tiff,tiff/train_labels/23578840_15.tif,png/train/23578840_15.png,png/train_labels/23578840_15.png
23578930_15,train,http://www.cs.toronto.edu/~vmnih/data/mass_roads/train/sat/23578930_15.tiff,http://www.cs.toronto.edu/~vmnih/data/mass_roads/train/map/23578930_15.tif,tiff/train/23578930_15.tiff,tiff/train_labels/23578930_15.tif,png/train/23578930_15.png,png/train_labels/23578930_15.png
23578990_15,train,http://www.cs.toronto.edu/~vmnih/data/mass_roads/train/sat/23578990_15.tiff,http://www.cs.toronto.edu/~vmnih/data/mass_roads/train/map/23578990_15.tif,tiff/train/23578990_15.tiff,tiff/train_labels/23578990_15.tif,png/train/23578990_15.png,png/train_labels/23578990_15.png
23579005_15,train,http://www.cs.toronto.edu/~vmnih/data/mass_roads/train/sat/23579005_15.tiff,http://www.cs.toronto.edu/~vmnih/data/mass_roads/train/map/23579005_15.tif,tiff/train/23579005_15.tiff,tiff/train_labels/23579005_15.tif,png/train/23579005_15.png,png/train_labels/23579005_15.png
23728795_15,train,http://www.cs.toronto.edu/~vmnih/data/mass_roads/train/sat/23728795_15.tiff,http://www.cs.toronto.edu/~vmnih/data/mass_roads/train/map/23728795_15.tif,tiff/train/23728795_15.tiff,tiff/train_labels/23728795_15.tif,png/train/23728795_15.png,png/train_labels/23728795_15.png
23728810_15,train,http://www.cs.toronto.edu/~vmnih/data/mass_roads/train/sat/23728810_15.tiff,http://www.cs.toronto.edu/~vmnih/data/mass_roads/train/map/23728810_15.tif,tiff/train/23728810_15.tiff,tiff/train_labels/23728810_15.tif,png/train/23728810_15.png,png/train_labels/23728810_15.png
23728825_15,train,http://www.cs.toronto.edu/~vmnih/data/mass_roads/train/sat/23728825_15.tiff,http://www.cs.toronto.edu/~vmnih/data/mass_roads/train/map/23728825_15.tif,tiff/train/23728825_15.tiff,tiff/train_labels/23728825_15.tif,png/train/23728825_15.png,png/train_labels/23728825_15.png
23728930_15,train,http://www.cs.toronto.edu/~vmnih/data/mass_roads/train/sat/23728930_15.tiff,http://www.cs.toronto.edu/~vmnih/data/mass_roads/train/map/23728930_15.tif,tiff/train/23728930_15.tiff,tiff/train_labels/23728930_15.tif,png/train/23728930_15.png,png/train_labels/23728930_15.png
23728960_15,train,http://www.cs.toronto.edu/~vmnih/data/mass_roads/train/sat/23728960_15.tiff,http://www.cs.toronto.edu/~vmnih/data/mass_roads/train/map/23728960_15.tif,tiff/train/23728960_15.tiff,tiff/train_labels/23728960_15.tif,png/train/23728960_15.png,png/train_labels/23728960_15.png
23729005_15,train,http://www.cs.toronto.edu/~vmnih/data/mass_roads/train/sat/23729005_15.tiff,http://www.cs.toronto.edu/~vmnih/data/mass_roads/train/map/23729005_15.tif,tiff/train/23729005_15.tiff,tiff/train_labels/23729005_15.tif,png/train/23729005_15.png,png/train_labels/23729005_15.png
23729065_15,train,http://www.cs.toronto.edu/~vmnih/data/mass_roads/train/sat/23729065_15.tiff,http://www.cs.toronto.edu/~vmnih/data/mass_roads/train/map/23729065_15.tif,tiff/train/23729065_15.tiff,tiff/train_labels/23729065_15.tif,png/train/23729065_15.png,png/train_labels/23729065_15.png
23878555_15,train,http://www.cs.toronto.edu/~vmnih/data/mass_roads/train/sat/23878555_15.tiff,http://www.cs.toronto.edu/~vmnih/data/mass_roads/train/map/23878555_15.tif,tiff/train/23878555_15.tiff,tiff/train_labels/23878555_15.tif,png/train/23878555_15.png,png/train_labels/23878555_15.png
23878795_15,train,http://www.cs.toronto.edu/~vmnih/data/mass_roads/train/sat/23878795_15.tiff,http://www.cs.toronto.edu/~vmnih/data/mass_roads/train/map/23878795_15.tif,tiff/train/23878795_15.tiff,tiff/train_labels/23878795_15.tif,png/train/23878795_15.png,png/train_labels/23878795_15.png
23879005_15,train,http://www.cs.toronto.edu/~vmnih/data/mass_roads/train/sat/23879005_15.tiff,http://www.cs.toronto.edu/~vmnih/data/mass_roads/train/map/23879005_15.tif,tiff/train/23879005_15.tiff,tiff/train_labels/23879005_15.tif,png/train/23879005_15.png,png/train_labels/23879005_15.png
23879080_15,train,http://www.cs.toronto.edu/~vmnih/data/mass_roads/train/sat/23879080_15.tiff,http://www.cs.toronto.edu/~vmnih/data/mass_roads/train/map/23879080_15.tif,tiff/train/23879080_15.tiff,tiff/train_labels/23879080_15.tif,png/train/23879080_15.png,png/train_labels/23879080_15.png
23879110_15,train,http://www.cs.toronto.edu/~vmnih/data/mass_roads/train/sat/23879110_15.tiff,http://www.cs.toronto.edu/~vmnih/data/mass_roads/train/map/23879110_15.tif,tiff/train/23879110_15.tiff,tiff/train_labels/23879110_15.tif,png/train/23879110_15.png,png/train_labels/23879110_15.png
23879245_15,train,http://www.cs.toronto.edu/~vmnih/data/mass_roads/train/sat/23879245_15.tiff,http://www.cs.toronto.edu/~vmnih/data/mass_roads/train/map/23879245_15.tif,tiff/train/23879245_15.tiff,tiff/train_labels/23879245_15.tif,png/train/23879245_15.png,png/train_labels/23879245_15.png
24028525_15,train,http://www.cs.toronto.edu/~vmnih/data/mass_roads/train/sat/24028525_15.tiff,http://www.cs.toronto.edu/~vmnih/data/mass_roads/train/map/24028525_15.tif,tiff/train/24028525_15.tiff,tiff/train_labels/24028525_15.tif,png/train/24028525_15.png,png/train_labels/24028525_15.png
24028540_15,train,http://www.cs.toronto.edu/~vmnih/data/mass_roads/train/sat/24028540_15.tiff,http://www.cs.toronto.edu/~vmnih/data/mass_roads/train/map/24028540_15.tif,tiff/train/24028540_15.tiff,tiff/train_labels/24028540_15.tif,png/train/24028540_15.png,png/train_labels/24028540_15.png
24029095_15,train,http://www.cs.toronto.edu/~vmnih/data/mass_roads/train/sat/24029095_15.tiff,http://www.cs.toronto.edu/~vmnih/data/mass_roads/train/map/24029095_15.tif,tiff/train/24029095_15.tiff,tiff/train_labels/24029095_15.tif,png/train/24029095_15.png,png/train_labels/24029095_15.png
24029215_15,train,http://www.cs.toronto.edu/~vmnih/data/mass_roads/train/sat/24029215_15.tiff,http://www.cs.toronto.edu/~vmnih/data/mass_roads/train/map/24029215_15.tif,tiff/train/24029215_15.tiff,tiff/train_labels/24029215_15.tif,png/train/24029215_15.png,png/train_labels/24029215_15.png
24179020_15,train,http://www.cs.toronto.edu/~vmnih/data/mass_roads/train/sat/24179020_15.tiff,http://www.cs.toronto.edu/~vmnih/data/mass_roads/train/map/24179020_15.tif,tiff/train/24179020_15.tiff,tiff/train_labels/24179020_15.tif,png/train/24179020_15.png,png/train_labels/24179020_15.png
24179095_15,train,http://www.cs.toronto.edu/~vmnih/data/mass_roads/train/sat/24179095_15.tiff,http://www.cs.toronto.edu/~vmnih/data/mass_roads/train/map/24179095_15.tif,tiff/train/24179095_15.tiff,tiff/train_labels/24179095_15.tif,png/train/24179095_15.png,png/train_labels/24179095_15.png
24328840_15,train,http://www.cs.toronto.edu/~vmnih/data/mass_roads/train/sat/24328840_15.tiff,http://www.cs.toronto.edu/~vmnih/data/mass_roads/train/map/24328840_15.tif,tiff/train/24328840_15.tiff,tiff/train_labels/24328840_15.tif,png/train/24328840_15.png,png/train_labels/24328840_15.png
24329200_15,train,http://www.cs.toronto.edu/~vmnih/data/mass_roads/train/sat/24329200_15.tiff,http://www.cs.toronto.edu/~vmnih/data/mass_roads/train/map/24329200_15.tif,tiff/train/24329200_15.tiff,tiff/train_labels/24329200_15.tif,png/train/24329200_15.png,png/train_labels/24329200_15.png
24479005_15,train,http://www.cs.toronto.edu/~vmnih/data/mass_roads/train/sat/24479005_15.tiff,http://www.cs.toronto.edu/~vmnih/data/mass_roads/train/map/24479005_15.tif,tiff/train/24479005_15.tiff,tiff/train_labels/24479005_15.tif,png/train/24479005_15.png,png/train_labels/24479005_15.png
24479200_15,train,http://www.cs.toronto.edu/~vmnih/data/mass_roads/train/sat/24479200_15.tiff,http://www.cs.toronto.edu/~vmnih/data/mass_roads/train/map/24479200_15.tif,tiff/train/24479200_15.tiff,tiff/train_labels/24479200_15.tif,png/train/24479200_15.png,png/train_labels/24479200_15.png
24479245_15,train,http://www.cs.toronto.edu/~vmnih/data/mass_roads/train/sat/24479245_15.tiff,http://www.cs.toronto.edu/~vmnih/data/mass_roads/train/map/24479245_15.tif,tiff/train/24479245_15.tiff,tiff/train_labels/24479245_15.tif,png/train/24479245_15.png,png/train_labels/24479245_15.png
24479260_15,train,http://www.cs.toronto.edu/~vmnih/data/mass_roads/train/sat/24479260_15.tiff,http://www.cs.toronto.edu/~vmnih/data/mass_roads/train/map/24479260_15.tif,tiff/train/24479260_15.tiff,tiff/train_labels/24479260_15.tif,png/train/24479260_15.png,png/train_labels/24479260_15.png
24479275_15,train,http://www.cs.toronto.edu/~vmnih/data/mass_roads/train/sat/24479275_15.tiff,http://www.cs.toronto.edu/~vmnih/data/mass_roads/train/map/24479275_15.tif,tiff/train/24479275_15.tiff,tiff/train_labels/24479275_15.tif,png/train/24479275_15.png,png/train_labels/24479275_15.png
24629245_15,train,http://www.cs.toronto.edu/~vmnih/data/mass_roads/train/sat/24629245_15.tiff,http://www.cs.toronto.edu/~vmnih/data/mass_roads/train/map/24629245_15.tif,tiff/train/24629245_15.tiff,tiff/train_labels/24629245_15.tif,png/train/24629245_15.png,png/train_labels/24629245_15.png
24629275_15,train,http://www.cs.toronto.edu/~vmnih/data/mass_roads/train/sat/24629275_15.tiff,http://www.cs.toronto.edu/~vmnih/data/mass_roads/train/map/24629275_15.tif,tiff/train/24629275_15.tiff,tiff/train_labels/24629275_15.tif,png/train/24629275_15.png,png/train_labels/24629275_15.png
24629290_15,train,http://www.cs.toronto.edu/~vmnih/data/mass_roads/train/sat/24629290_15.tiff,http://www.cs.toronto.edu/~vmnih/data/mass_roads/train/map/24629290_15.tif,tiff/train/24629290_15.tiff,tiff/train_labels/24629290_15.tif,png/train/24629290_15.png,png/train_labels/24629290_15.png
24779170_15,train,http://www.cs.toronto.edu/~vmnih/data/mass_roads/train/sat/24779170_15.tiff,http://www.cs.toronto.edu/~vmnih/data/mass_roads/train/map/24779170_15.tif,tiff/train/24779170_15.tiff,tiff/train_labels/24779170_15.tif,png/train/24779170_15.png,png/train_labels/24779170_15.png
24779245_15,train,http://www.cs.toronto.edu/~vmnih/data/mass_roads/train/sat/24779245_15.tiff,http://www.cs.toronto.edu/~vmnih/data/mass_roads/train/map/24779245_15.tif,tiff/train/24779245_15.tiff,tiff/train_labels/24779245_15.tif,png/train/24779245_15.png,png/train_labels/24779245_15.png
24779290_15,train,http://www.cs.toronto.edu/~vmnih/data/mass_roads/train/sat/24779290_15.tiff,http://www.cs.toronto.edu/~vmnih/data/mass_roads/train/map/24779290_15.tif,tiff/train/24779290_15.tiff,tiff/train_labels/24779290_15.tif,png/train/24779290_15.png,png/train_labels/24779290_15.png
24929155_15,train,http://www.cs.toronto.edu/~vmnih/data/mass_roads/train/sat/24929155_15.tiff,http://www.cs.toronto.edu/~vmnih/data/mass_roads/train/map/24929155_15.tif,tiff/train/24929155_15.tiff,tiff/train_labels/24929155_15.tif,png/train/24929155_15.png,png/train_labels/24929155_15.png
24929200_15,train,http://www.cs.toronto.edu/~vmnih/data/mass_roads/train/sat/24929200_15.tiff,http://www.cs.toronto.edu/~vmnih/data/mass_roads/train/map/24929200_15.tif,tiff/train/24929200_15.tiff,tiff/train_labels/24929200_15.tif,png/train/24929200_15.png,png/train_labels/24929200_15.png
24929215_15,train,http://www.cs.toronto.edu/~vmnih/data/mass_roads/train/sat/24929215_15.tiff,http://www.cs.toronto.edu/~vmnih/data/mass_roads/train/map/24929215_15.tif,tiff/train/24929215_15.tiff,tiff/train_labels/24929215_15.tif,png/train/24929215_15.png,png/train_labels/24929215_15.png
24929230_15,train,http://www.cs.toronto.edu/~vmnih/data/mass_roads/train/sat/24929230_15.tiff,http://www.cs.toronto.edu/~vmnih/data/mass_roads/train/map/24929230_15.tif,tiff/train/24929230_15.tiff,tiff/train_labels/24929230_15.tif,png/train/24929230_15.png,png/train_labels/24929230_15.png
24929260_15,train,http://www.cs.toronto.edu/~vmnih/data/mass_roads/train/sat/24929260_15.tiff,http://www.cs.toronto.edu/~vmnih/data/mass_roads/train/map/24929260_15.tif,tiff/train/24929260_15.tiff,tiff/train_labels/24929260_15.tif,png/train/24929260_15.png,png/train_labels/24929260_15.png
24929275_15,train,http://www.cs.toronto.edu/~vmnih/data/mass_roads/train/sat/24929275_15.tiff,http://www.cs.toronto.edu/~vmnih/data/mass_roads/train/map/24929275_15.tif,tiff/train/24929275_15.tiff,tiff/train_labels/24929275_15.tif,png/train/24929275_15.png,png/train_labels/24929275_15.png
24929290_15,train,http://www.cs.toronto.edu/~vmnih/data/mass_roads/train/sat/24929290_15.tiff,http://www.cs.toronto.edu/~vmnih/data/mass_roads/train/map/24929290_15.tif,tiff/train/24929290_15.tiff,tiff/train_labels/24929290_15.tif,png/train/24929290_15.png,png/train_labels/24929290_15.png
25079260_15,train,http://www.cs.toronto.edu/~vmnih/data/mass_roads/train/sat/25079260_15.tiff,http://www.cs.toronto.edu/~vmnih/data/mass_roads/train/map/25079260_15.tif,tiff/train/25079260_15.tiff,tiff/train_labels/25079260_15.tif,png/train/25079260_15.png,png/train_labels/25079260_15.png
25079275_15,train,http://www.cs.toronto.edu/~vmnih/data/mass_roads/train/sat/25079275_15.tiff,http://www.cs.toronto.edu/~vmnih/data/mass_roads/train/map/25079275_15.tif,tiff/train/25079275_15.tiff,tiff/train_labels/25079275_15.tif,png/train/25079275_15.png,png/train_labels/25079275_15.png
25079290_15,train,http://www.cs.toronto.edu/~vmnih/data/mass_roads/train/sat/25079290_15.tiff,http://www.cs.toronto.edu/~vmnih/data/mass_roads/train/map/25079290_15.tif,tiff/train/25079290_15.tiff,tiff/train_labels/25079290_15.tif,png/train/25079290_15.png,png/train_labels/25079290_15.png
25229215_15,train,http://www.cs.toronto.edu/~vmnih/data/mass_roads/train/sat/25229215_15.tiff,http://www.cs.toronto.edu/~vmnih/data/mass_roads/train/map/25229215_15.tif,tiff/train/25229215_15.tiff,tiff/train_labels/25229215_15.tif,png/train/25229215_15.png,png/train_labels/25229215_15.png
25229260_15,train,http://www.cs.toronto.edu/~vmnih/data/mass_roads/train/sat/25229260_15.tiff,http://www.cs.toronto.edu/~vmnih/data/mass_roads/train/map/25229260_15.tif,tiff/train/25229260_15.tiff,tiff/train_labels/25229260_15.tif,png/train/25229260_15.png,png/train_labels/25229260_15.png
25229275_15,train,http://www.cs.toronto.edu/~vmnih/data/mass_roads/train/sat/25229275_15.tiff,http://www.cs.toronto.edu/~vmnih/data/mass_roads/train/map/25229275_15.tif,tiff/train/25229275_15.tiff,tiff/train_labels/25229275_15.tif,png/train/25229275_15.png,png/train_labels/25229275_15.png
25229290_15,train,http://www.cs.toronto.edu/~vmnih/data/mass_roads/train/sat/25229290_15.tiff,http://www.cs.toronto.edu/~vmnih/data/mass_roads/train/map/25229290_15.tif,tiff/train/25229290_15.tiff,tiff/train_labels/25229290_15.tif,png/train/25229290_15.png,png/train_labels/25229290_15.png
25379260_15,train,http://www.cs.toronto.edu/~vmnih/data/mass_roads/train/sat/25379260_15.tiff,http://www.cs.toronto.edu/~vmnih/data/mass_roads/train/map/25379260_15.tif,tiff/train/25379260_15.tiff,tiff/train_labels/25379260_15.tif,png/train/25379260_15.png,png/train_labels/25379260_15.png
25379275_15,train,http://www.cs.toronto.edu/~vmnih/data/mass_roads/train/sat/25379275_15.tiff,http://www.cs.toronto.edu/~vmnih/data/mass_roads/train/map/25379275_15.tif,tiff/train/25379275_15.tiff,tiff/train_labels/25379275_15.tif,png/train/25379275_15.png,png/train_labels/25379275_15.png
25679260_15,train,http://www.cs.toronto.edu/~vmnih/data/mass_roads/train/sat/25679260_15.tiff,http://www.cs.toronto.edu/~vmnih/data/mass_roads/train/map/25679260_15.tif,tiff/train/25679260_15.tiff,tiff/train_labels/25679260_15.tif,png/train/25679260_15.png,png/train_labels/25679260_15.png
25829260_15,train,http://www.cs.toronto.edu/~vmnih/data/mass_roads/train/sat/25829260_15.tiff,http://www.cs.toronto.edu/~vmnih/data/mass_roads/train/map/25829260_15.tif,tiff/train/25829260_15.tiff,tiff/train_labels/25829260_15.tif,png/train/25829260_15.png,png/train_labels/25829260_15.png
26128750_15,train,http://www.cs.toronto.edu/~vmnih/data/mass_roads/train/sat/26128750_15.tiff,http://www.cs.toronto.edu/~vmnih/data/mass_roads/train/map/26128750_15.tif,tiff/train/26128750_15.tiff,tiff/train_labels/26128750_15.tif,png/train/26128750_15.png,png/train_labels/26128750_15.png
26428750_15,train,http://www.cs.toronto.edu/~vmnih/data/mass_roads/train/sat/26428750_15.tiff,http://www.cs.toronto.edu/~vmnih/data/mass_roads/train/map/26428750_15.tif,tiff/train/26428750_15.tiff,tiff/train_labels/26428750_15.tif,png/train/26428750_15.png,png/train_labels/26428750_15.png
26428780_15,train,http://www.cs.toronto.edu/~vmnih/data/mass_roads/train/sat/26428780_15.tiff,http://www.cs.toronto.edu/~vmnih/data/mass_roads/train/map/26428780_15.tif,tiff/train/26428780_15.tiff,tiff/train_labels/26428780_15.tif,png/train/26428780_15.png,png/train_labels/26428780_15.png
26578780_15,train,http://www.cs.toronto.edu/~vmnih/data/mass_roads/train/sat/26578780_15.tiff,http://www.cs.toronto.edu/~vmnih/data/mass_roads/train/map/26578780_15.tif,tiff/train/26578780_15.tiff,tiff/train_labels/26578780_15.tif,png/train/26578780_15.png,png/train_labels/26578780_15.png
26728735_15,train,http://www.cs.toronto.edu/~vmnih/data/mass_roads/train/sat/26728735_15.tiff,http://www.cs.toronto.edu/~vmnih/data/mass_roads/train/map/26728735_15.tif,tiff/train/26728735_15.tiff,tiff/train_labels/26728735_15.tif,png/train/26728735_15.png,png/train_labels/26728735_15.png
22829035_15,val,http://www.cs.toronto.edu/~vmnih/data/mass_roads/valid/sat/22829035_15.tiff,http://www.cs.toronto.edu/~vmnih/data/mass_roads/valid/map/22829035_15.tif,tiff/val/22829035_15.tiff,tiff/val_labels/22829035_15.tif,png/val/22829035_15.png,png/val_labels/22829035_15.png
23128930_15,val,http://www.cs.toronto.edu/~vmnih/data/mass_roads/valid/sat/23128930_15.tiff,http://www.cs.toronto.edu/~vmnih/data/mass_roads/valid/map/23128930_15.tif,tiff/val/23128930_15.tiff,tiff/val_labels/23128930_15.tif,png/val/23128930_15.png,png/val_labels/23128930_15.png
24179245_15,val,http://www.cs.toronto.edu/~vmnih/data/mass_roads/valid/sat/24179245_15.tiff,http://www.cs.toronto.edu/~vmnih/data/mass_roads/valid/map/24179245_15.tif,tiff/val/24179245_15.tiff,tiff/val_labels/24179245_15.tif,png/val/24179245_15.png,png/val_labels/24179245_15.png
25229230_15,val,http://www.cs.toronto.edu/~vmnih/data/mass_roads/valid/sat/25229230_15.tiff,http://www.cs.toronto.edu/~vmnih/data/mass_roads/valid/map/25229230_15.tif,tiff/val/25229230_15.tiff,tiff/val_labels/25229230_15.tif,png/val/25229230_15.png,png/val_labels/25229230_15.png
25229245_15,val,http://www.cs.toronto.edu/~vmnih/data/mass_roads/valid/sat/25229245_15.tiff,http://www.cs.toronto.edu/~vmnih/data/mass_roads/valid/map/25229245_15.tif,tiff/val/25229245_15.tiff,tiff/val_labels/25229245_15.tif,png/val/25229245_15.png,png/val_labels/25229245_15.png
18028750_15,test,http://www.cs.toronto.edu/~vmnih/data/mass_roads/test/sat/18028750_15.tiff,http://www.cs.toronto.edu/~vmnih/data/mass_roads/test/map/18028750_15.tif,tiff/test/18028750_15.tiff,tiff/test_labels/18028750_15.tif,png/test/18028750_15.png,png/test_labels/18028750_15.png
20278885_15,test,http://www.cs.toronto.edu/~vmnih/data/mass_roads/test/sat/20278885_15.tiff,http://www.cs.toronto.edu/~vmnih/data/mass_roads/test/map/20278885_15.tif,tiff/test/20278885_15.tiff,tiff/test_labels/20278885_15.tif,png/test/20278885_15.png,png/test_labels/20278885_15.png
21479035_15,test,http://www.cs.toronto.edu/~vmnih/data/mass_roads/test/sat/21479035_15.tiff,http://www.cs.toronto.edu/~vmnih/data/mass_roads/test/map/21479035_15.tif,tiff/test/21479035_15.tiff,tiff/test_labels/21479035_15.tif,png/test/21479035_15.png,png/test_labels/21479035_15.png
21779005_15,test,http://www.cs.toronto.edu/~vmnih/data/mass_roads/test/sat/21779005_15.tiff,http://www.cs.toronto.edu/~vmnih/data/mass_roads/test/map/21779005_15.tif,tiff/test/21779005_15.tiff,tiff/test_labels/21779005_15.tif,png/test/21779005_15.png,png/test_labels/21779005_15.png
22228900_15,test,http://www.cs.toronto.edu/~vmnih/data/mass_roads/test/sat/22228900_15.tiff,http://www.cs.toronto.edu/~vmnih/data/mass_roads/test/map/22228900_15.tif,tiff/test/22228900_15.tiff,tiff/test_labels/22228900_15.tif,png/test/22228900_15.png,png/test_labels/22228900_15.png
22528885_15,test,http://www.cs.toronto.edu/~vmnih/data/mass_roads/test/sat/22528885_15.tiff,http://www.cs.toronto.edu/~vmnih/data/mass_roads/test/map/22528885_15.tif,tiff/test/22528885_15.tiff,tiff/test_labels/22528885_15.tif,png/test/22528885_15.png,png/test_labels/22528885_15.png
22529065_15,test,http://www.cs.toronto.edu/~vmnih/data/mass_roads/test/sat/22529065_15.tiff,http://www.cs.toronto.edu/~vmnih/data/mass_roads/test/map/22529065_15.tif,tiff/test/22529065_15.tiff,tiff/test_labels/22529065_15.tif,png/test/22529065_15.png,png/test_labels/22529065_15.png
23278915_15,test,http://www.cs.toronto.edu/~vmnih/data/mass_roads/test/sat/23278915_15.tiff,http://www.cs.toronto.edu/~vmnih/data/mass_roads/test/map/23278915_15.tif,tiff/test/23278915_15.tiff,tiff/test_labels/23278915_15.tif,png/test/23278915_15.png,png/test_labels/23278915_15.png
23278930_15,test,http://www.cs.toronto.edu/~vmnih/data/mass_roads/test/sat/23278930_15.tiff,http://www.cs.toronto.edu/~vmnih/data/mass_roads/test/map/23278930_15.tif,tiff/test/23278930_15.tiff,tiff/test_labels/23278930_15.tif,png/test/23278930_15.png,png/test_labels/23278930_15.png
23729020_15,test,http://www.cs.toronto.edu/~vmnih/data/mass_roads/test/sat/23729020_15.tiff,http://www.cs.toronto.edu/~vmnih/data/mass_roads/test/map/23729020_15.tif,tiff/test/23729020_15.tiff,tiff/test_labels/23729020_15.tif,png/test/23729020_15.png,png/test_labels/23729020_15.png
23878540_15,test,http://www.cs.toronto.edu/~vmnih/data/mass_roads/test/sat/23878540_15.tiff,http://www.cs.toronto.edu/~vmnih/data/mass_roads/test/map/23878540_15.tif,tiff/test/23878540_15.tiff,tiff/test_labels/23878540_15.tif,png/test/23878540_15.png,png/test_labels/23878540_15.png
24478855_15,test,http://www.cs.toronto.edu/~vmnih/data/mass_roads/test/sat/24478855_15.tiff,http://www.cs.toronto.edu/~vmnih/data/mass_roads/test/map/24478855_15.tif,tiff/test/24478855_15.tiff,tiff/test_labels/24478855_15.tif,png/test/24478855_15.png,png/test_labels/24478855_15.png
24479170_15,test,http://www.cs.toronto.edu/~vmnih/data/mass_roads/test/sat/24479170_15.tiff,http://www.cs.toronto.edu/~vmnih/data/mass_roads/test/map/24479170_15.tif,tiff/test/24479170_15.tiff,tiff/test_labels/24479170_15.tif,png/test/24479170_15.png,png/test_labels/24479170_15.png
24479215_15,test,http://www.cs.toronto.edu/~vmnih/data/mass_roads/test/sat/24479215_15.tiff,http://www.cs.toronto.edu/~vmnih/data/mass_roads/test/map/24479215_15.tif,tiff/test/24479215_15.tiff,tiff/test_labels/24479215_15.tif,png/test/24479215_15.png,png/test_labels/24479215_15.png
24779275_15,test,http://www.cs.toronto.edu/~vmnih/data/mass_roads/test/sat/24779275_15.tiff,http://www.cs.toronto.edu/~vmnih/data/mass_roads/test/map/24779275_15.tif,tiff/test/24779275_15.tiff,tiff/test_labels/24779275_15.tif,png/test/24779275_15.png,png/test_labels/24779275_15.png
25079170_15,test,http://www.cs.toronto.edu/~vmnih/data/mass_roads/test/sat/25079170_15.tiff,http://www.cs.toronto.edu/~vmnih/data/mass_roads/test/map/25079170_15.tif,tiff/test/25079170_15.tiff,tiff/test_labels/25079170_15.tif,png/test/25079170_15.png,png/test_labels/25079170_15.png
